{"cameraMode":{"drawMode":0,"name":"Shaded","section":"Shading Mode"},"sceneLighting":false,"audioPlay":false,"sceneViewState":{"m_AlwaysRefresh":false,"showFog":true,"showSkybox":false,"showFlares":true,"showImageEffects":true,"showParticleSystems":true,"showVisualEffectGraphs":true,"m_FxEnabled":true},"in2DMode":false,"pivot":{"x":1.7881393432617188e-7,"y":-1.1920928955078126e-7,"z":0.000007152557373046875},"rotation":{"x":0.0029365038499236109,"y":0.9887580275535584,"z":-0.019589843228459359,"w":0.1482241302728653},"size":0.8518795967102051,"orthographic":false}