{"cameraMode":{"drawMode":0,"name":"Shaded","section":"Shading Mode"},"sceneLighting":false,"audioPlay":false,"sceneViewState":{"m_AlwaysRefresh":false,"showFog":true,"showSkybox":false,"showFlares":true,"showImageEffects":true,"showParticleSystems":true,"showVisualEffectGraphs":true,"m_FxEnabled":true},"in2DMode":false,"pivot":{"x":0.04215048626065254,"y":0.021850652992725374,"z":-0.009963251650333405},"rotation":{"x":0.0029365038499236109,"y":0.9887580275535584,"z":-0.019589843228459359,"w":0.1482241302728653},"size":0.171982079744339,"orthographic":false}