{"cameraMode":{"drawMode":0,"name":"Shaded","section":"Shading Mode"},"sceneLighting":false,"audioPlay":false,"sceneViewState":{"m_AlwaysRefresh":false,"showFog":true,"showSkybox":false,"showFlares":true,"showImageEffects":true,"showParticleSystems":true,"showVisualEffectGraphs":true,"m_FxEnabled":true},"in2DMode":false,"pivot":{"x":0.11147938668727875,"y":0.021850809454917909,"z":0.011301711201667786},"rotation":{"x":0.0029365038499236109,"y":0.9887580275535584,"z":-0.019589843228459359,"w":0.1482241302728653},"size":0.171982079744339,"orthographic":false}