{"cameraMode":{"drawMode":0,"name":"Shaded","section":"Shading Mode"},"sceneLighting":false,"audioPlay":false,"sceneViewState":{"m_AlwaysRefresh":false,"showFog":true,"showSkybox":false,"showFlares":true,"showImageEffects":true,"showParticleSystems":true,"showVisualEffectGraphs":true,"m_FxEnabled":true},"in2DMode":false,"pivot":{"x":0.1492888331413269,"y":0.022786810994148256,"z":-0.0021655261516571047},"rotation":{"x":0.0029365038499236109,"y":0.9887580275535584,"z":-0.019589843228459359,"w":0.1482241302728653},"size":0.3305351436138153,"orthographic":false}